idno,autor,titulo,subtitulo,anio,decada,genero,subgenero,genero_autor,archivo
ne0175,Pedro Antonio de Alarcón,El niño de la Bola,Novela,1880,1880s,novela,bildungsroman,male,Textos por decada/1880s/Pedro Antonio de Alarcón - El niño de la Bola. Novela (1880) [ne0175].txt
ne0174,Pedro Antonio de Alarcón,El Capitán Veneno,,1881,1880s,novela,realist,male,Textos por decada/1880s/Pedro Antonio de Alarcón - El Capitán Veneno (1881) [ne0174].txt
ne0176,Pedro Antonio de Alarcón,La pródiga,Novela,1882,1880s,novela,realist,male,Textos por decada/1880s/Pedro Antonio de Alarcón - La pródiga. Novela (1882) [ne0176].txt
ne0087,Emilia Pardo Bazán,Un viaje de novios,,1881,1880s,novela,realist,female,Textos por decada/1880s/Emilia Pardo Bazán - Un viaje de novios (1881) [ne0087].txt
ne0075,Emilia Pardo Bazán,La Tribuna,,1883,1880s,novela,bildungsroman,female,Textos por decada/1880s/Emilia Pardo Bazán - La Tribuna (1883) [ne0075].txt
ne0076,Emilia Pardo Bazán,El cisne de Vilamorta,,1884,1880s,novela,realist,female,Textos por decada/1880s/Emilia Pardo Bazán - El cisne de Vilamorta (1884) [ne0076].txt
ne0077,Emilia Pardo Bazán,Los pazos de Ulloa,,1886,1880s,novela,realist,female,Textos por decada/1880s/Emilia Pardo Bazán - Los pazos de Ulloa (1886) [ne0077].txt
ne0078,Emilia Pardo Bazán,La madre Naturaleza,Segunda parte de Los pazos de Ulloa,1887,1880s,novela,realist,female,Textos por decada/1880s/Emilia Pardo Bazán - La madre Naturaleza. Segunda parte de Los pazos de Ulloa (1887) [ne0078].txt
ne0079,Emilia Pardo Bazán,Insolación,Historia amorosa,1889,1880s,novela,sentimental,female,Textos por decada/1880s/Emilia Pardo Bazán - Insolación. Historia amorosa (1889) [ne0079].txt
ne0088,Emilia Pardo Bazán,Morriña,dos historias amorosoas,1889,1880s,novela,naturalist,female,Textos por decada/1880s/Emilia Pardo Bazán - Morriña. dos historias amorosoas (1889) [ne0088].txt
ne0221,José Selgas Carrasco,Nona,novela póstuma,1883,1880s,novela,sentimental,male,Textos por decada/1880s/José Selgas Carrasco - Nona. novela póstuma (1883) [ne0221].txt
ne0120,Rosalía de Castro,El primer loco,,1881,1880s,novela,sentimental,female,Textos por decada/1880s/Rosalía de Castro - El primer loco (1881) [ne0120].txt
ne0009,Benito Pérez Galdós,La desheredada,,1881,1880s,novela,bildungsroman,male,Textos por decada/1880s/Benito Pérez Galdós - La desheredada (1881) [ne0009].txt
ne0011,Benito Pérez Galdós,El amigo Manso,,1882,1880s,novela,philosophical,male,Textos por decada/1880s/Benito Pérez Galdós - El amigo Manso (1882) [ne0011].txt
ne0024,Benito Pérez Galdós,El doctor Centeno,,1883,1880s,novela,bildungsroman,male,Textos por decada/1880s/Benito Pérez Galdós - El doctor Centeno (1883) [ne0024].txt
ne0027,Benito Pérez Galdós,La de Bringas,,1884,1880s,novela,realist,male,Textos por decada/1880s/Benito Pérez Galdós - La de Bringas (1884) [ne0027].txt
ne0028,Benito Pérez Galdós,Tormento,,1884,1880s,novela,realist,male,Textos por decada/1880s/Benito Pérez Galdós - Tormento (1884) [ne0028].txt
ne0029,Benito Pérez Galdós,Lo prohibido,,1884,1880s,novela,sentimental,male,Textos por decada/1880s/Benito Pérez Galdós - Lo prohibido (1884) [ne0029].txt
ne0321,Benito Pérez Galdós,Fortunata y Jacinta,dos historias de casadas,1886,1880s,novela,realist,male,Textos por decada/1880s/Benito Pérez Galdós - Fortunata y Jacinta. dos historias de casadas (1886) [ne0321].txt
ne0322,Benito Pérez Galdós,Fortunata y Jacinta,dos historias de casadas,1886,1880s,novela,realist,male,Textos por decada/1880s/Benito Pérez Galdós - Fortunata y Jacinta. dos historias de casadas (1886) [ne0322].txt
ne0323,Benito Pérez Galdós,Fortunata y Jacinta,dos historias de casadas,1886,1880s,novela,realist,male,Textos por decada/1880s/Benito Pérez Galdós - Fortunata y Jacinta. dos historias de casadas (1886) [ne0323].txt
ne0324,Benito Pérez Galdós,Fortunata y Jacinta,dos historias de casadas,1887,1880s,novela,realist,male,Textos por decada/1880s/Benito Pérez Galdós - Fortunata y Jacinta. dos historias de casadas (1887) [ne0324].txt
ne0031,Benito Pérez Galdós,Miau,,1888,1880s,novela,realist,male,Textos por decada/1880s/Benito Pérez Galdós - Miau (1888) [ne0031].txt
ne0002,Benito Pérez Galdós,Misericordia,,1889,1880s,novela,realist,male,Textos por decada/1880s/Benito Pérez Galdós - Misericordia (1889) [ne0002].txt
ne0032,Benito Pérez Galdós,La incógnita,,1889,1880s,novela,realist,male,Textos por decada/1880s/Benito Pérez Galdós - La incógnita (1889) [ne0032].txt
ne0034,Benito Pérez Galdós,Torquemada en la hoguera y otras composiciones,El artículo de fondo; La mula y el buey; La pluma en el viento; La conjuración de las palabras; Un tribunal literario; La princesa y el granuja; Junio,1889,1880s,novela,realist,male,Textos por decada/1880s/Benito Pérez Galdós - Torquemada en la hoguera y otras composiciones. El artículo de fondo; La mula y el buey; La pluma en el viento; La conju (1889) [ne0034].txt
ne0274,Benito Pérez Galdós,Realidad,novela en cinco jornadas,1889,1880s,novela,dialogue,male,Textos por decada/1880s/Benito Pérez Galdós - Realidad. novela en cinco jornadas (1889) [ne0274].txt
ne0194,Silverio Lanza,Mala cuna y mala fosa,,1883,1880s,novela,realist,male,Textos por decada/1880s/Silverio Lanza - Mala cuna y mala fosa (1883) [ne0194].txt
ne0287,Silverio Lanza,Noticias biográficas acerca del Excmo. Sr. Marqués del Mantillo,,1889,1880s,novela,philosophical,male,Textos por decada/1880s/Silverio Lanza - Noticias biográficas acerca del Excmo. Sr. Marqués del Mantillo (1889) [ne0287].txt
ne0325,"Alas, Leopoldo",La Regenta,,1885,1880s,novela,realist,male,"Textos por decada/1880s/Alas, Leopoldo - La Regenta (1885) [ne0325].txt"
ne0326,"Alas, Leopoldo",La Regenta,,1885,1880s,novela,realist,male,"Textos por decada/1880s/Alas, Leopoldo - La Regenta (1885) [ne0326].txt"
ne0205,José Ortega Munilla,El tren directo,Relación contemporánea,1880,1880s,novela,realist,male,Textos por decada/1880s/José Ortega Munilla - El tren directo. Relación contemporánea (1880) [ne0205].txt
ne0384,José Ortega Munilla,Don Juan Solo,Relación contemporánea,1880,1880s,novela,realist,male,Textos por decada/1880s/José Ortega Munilla - Don Juan Solo. Relación contemporánea (1880) [ne0384].txt
ne0206,José Ortega Munilla,Cleopatra Pérez,,1884,1880s,novela,realist,male,Textos por decada/1880s/José Ortega Munilla - Cleopatra Pérez (1884) [ne0206].txt
ne0294,José María de Pereda,"De tal palo, tal astilla",,1880,1880s,novela,realist,male,"Textos por decada/1880s/José María de Pereda - De tal palo, tal astilla (1880) [ne0294].txt"
ne0295,José María de Pereda,El sabor de la tierruca,,1882,1880s,novela,realist,male,Textos por decada/1880s/José María de Pereda - El sabor de la tierruca (1882) [ne0295].txt
ne0144,José María de Pereda,Pedro Sánchez,,1883,1880s,novela,historical,male,Textos por decada/1880s/José María de Pereda - Pedro Sánchez (1883) [ne0144].txt
ne0146,José María de Pereda,Sotileza,,1885,1880s,novela,bildungsroman,male,Textos por decada/1880s/José María de Pereda - Sotileza (1885) [ne0146].txt
ne0183,José María de Pereda,La Montálvez,,1888,1880s,novela,bildungsroman,male,Textos por decada/1880s/José María de Pereda - La Montálvez (1888) [ne0183].txt
ne0296,José María de Pereda,La puchera,,1889,1880s,novela,realist,male,Textos por decada/1880s/José María de Pereda - La puchera (1889) [ne0296].txt
ne0161,Jacinto Octavio Picón,Lázaro,,1882,1880s,novela,realist,male,Textos por decada/1880s/Jacinto Octavio Picón - Lázaro (1882) [ne0161].txt
ne0162,Jacinto Octavio Picón,Juan Vulgar,,1885,1880s,novela,bildungsroman,male,Textos por decada/1880s/Jacinto Octavio Picón - Juan Vulgar (1885) [ne0162].txt
ne0398,Salvador Rueda,El gusano de luz,Novela andaluza,1889,1880s,novela,realist,male,Textos por decada/1880s/Salvador Rueda - El gusano de luz. Novela andaluza (1889) [ne0398].txt
ne0007,Alejandro Sawa,La mujer de todo el mundo,,1885,1880s,novela,erotic,male,Textos por decada/1880s/Alejandro Sawa - La mujer de todo el mundo (1885) [ne0007].txt
ne0307,Armando Palacio Valdés,El señorito Octavio,Novela sin pesamiento trascendental,1881,1880s,novela,sentimental,male,Textos por decada/1880s/Armando Palacio Valdés - El señorito Octavio. Novela sin pesamiento trascendental (1881) [ne0307].txt
ne0209,Armando Palacio Valdés,Marta y María,Novela de costumbres,1883,1880s,novela,realist,male,Textos por decada/1880s/Armando Palacio Valdés - Marta y María. Novela de costumbres (1883) [ne0209].txt
ne0308,Armando Palacio Valdés,El idilio de un enfermo,,1884,1880s,novela,realist,male,Textos por decada/1880s/Armando Palacio Valdés - El idilio de un enfermo (1884) [ne0308].txt
ne0210,Armando Palacio Valdés,José,,1885,1880s,novela,realist,male,Textos por decada/1880s/Armando Palacio Valdés - José (1885) [ne0210].txt
ne0231,Armando Palacio Valdés,Riverita,Novela de costumbres,1886,1880s,novela,bildungsroman,male,Textos por decada/1880s/Armando Palacio Valdés - Riverita. Novela de costumbres (1886) [ne0231].txt
ne0230,Armando Palacio Valdés,Maximinia,"segunda parte de ""Riverita"", novela de costumbres",1887,1880s,novela,realist,male,"Textos por decada/1880s/Armando Palacio Valdés - Maximinia. segunda parte de 'Riverita', novela de costumbres (1887) [ne0230].txt"
ne0080,Emilia Pardo Bazán,Doña Milagros,,1890,1890s,novela,bildungsroman,female,Textos por decada/1890s/Emilia Pardo Bazán - Doña Milagros (1890) [ne0080].txt
ne0081,Emilia Pardo Bazán,Memorias de un solterón,Adán y Eva (Ciclo),1890,1890s,novela,sentimental,female,Textos por decada/1890s/Emilia Pardo Bazán - Memorias de un solterón. Adán y Eva (Ciclo) (1890) [ne0081].txt
ne0083,Emilia Pardo Bazán,La prueba,Segunda parte de Una Cristiana,1890,1890s,novela,realist,female,Textos por decada/1890s/Emilia Pardo Bazán - La prueba. Segunda parte de Una Cristiana (1890) [ne0083].txt
ne0082,Emilia Pardo Bazán,La piedra angular,,1891,1890s,novela,philosophical,female,Textos por decada/1890s/Emilia Pardo Bazán - La piedra angular (1891) [ne0082].txt
ne0103,Emilia Pardo Bazán,El tesoro de Gastón,,1897,1890s,novela,realist,female,Textos por decada/1890s/Emilia Pardo Bazán - El tesoro de Gastón (1897) [ne0103].txt
ne0102,Emilia Pardo Bazán,El saludo de las brujas,,1899,1890s,novela,realist,female,Textos por decada/1890s/Emilia Pardo Bazán - El saludo de las brujas (1899) [ne0102].txt
ne0157,Luis Coloma,Pequeñeces,,1891,1890s,novela,realist,male,Textos por decada/1890s/Luis Coloma - Pequeñeces (1891) [ne0157].txt
ne0215,Rubén Darío,El hombre de oro,,1897,1890s,novela,historical,male,Textos por decada/1890s/Rubén Darío - El hombre de oro (1897) [ne0215].txt
ne0006,Benito Pérez Galdós,Ángel Guerra,,1891,1890s,novela,bildungsroman,male,Textos por decada/1890s/Benito Pérez Galdós - Ángel Guerra (1891) [ne0006].txt
ne0005,Benito Pérez Galdós,Tristana,,1892,1890s,novela,bildungsroman,male,Textos por decada/1890s/Benito Pérez Galdós - Tristana (1892) [ne0005].txt
ne0275,Benito Pérez Galdós,La loca de la casa,comedia en cuatro actos,1892,1890s,novela,dialogue,male,Textos por decada/1890s/Benito Pérez Galdós - La loca de la casa. comedia en cuatro actos (1892) [ne0275].txt
ne0003,Benito Pérez Galdós,Nazarín,,1895,1890s,novela,realist,male,Textos por decada/1890s/Benito Pérez Galdós - Nazarín (1895) [ne0003].txt
ne0004,Benito Pérez Galdós,Halma,,1895,1890s,novela,realist,male,Textos por decada/1890s/Benito Pérez Galdós - Halma (1895) [ne0004].txt
ne0276,Benito Pérez Galdós,El abuelo,Novela en cinco jornadas,1897,1890s,novela,dialogue,male,Textos por decada/1890s/Benito Pérez Galdós - El abuelo. Novela en cinco jornadas (1897) [ne0276].txt
ne0277,Benito Pérez Galdós,Mendizábal,"Episodios nacionales, libro segundo de la serie tercera",1898,1890s,novela,historical,male,"Textos por decada/1890s/Benito Pérez Galdós - Mendizábal. Episodios nacionales, libro segundo de la serie tercera (1898) [ne0277].txt"
ne0278,Benito Pérez Galdós,Luchana,"Episodios nacionales, libro cuarto de la serie tercera",1899,1890s,novela,historical,male,"Textos por decada/1890s/Benito Pérez Galdós - Luchana. Episodios nacionales, libro cuarto de la serie tercera (1899) [ne0278].txt"
ne0279,Benito Pérez Galdós,La estafeta romántica,"Episodios nacionales, libro sexto de la serie tercera",1899,1890s,novela,historical,male,"Textos por decada/1890s/Benito Pérez Galdós - La estafeta romántica. Episodios nacionales, libro sexto de la serie tercera (1899) [ne0279].txt"
ne0130,Ángel Ganivet,La conquista del reino de Maya,por el último conquistador español Pio Cid,1897,1890s,novela,historical,male,Textos por decada/1890s/Ángel Ganivet - La conquista del reino de Maya. por el último conquistador español Pio Cid (1897) [ne0130].txt
ne0134,Ángel Ganivet,Los trabajos del infatigable creador Pío Cid,,1897,1890s,novela,philosophical,male,Textos por decada/1890s/Ángel Ganivet - Los trabajos del infatigable creador Pío Cid (1897) [ne0134].txt
ne0132,Ángel Ganivet,Cartas finlandesas,,1898,1890s,?,philosophical,male,Textos por decada/1890s/Ángel Ganivet - Cartas finlandesas (1898) [ne0132].txt
ne0327,Vicente Blasco Ibáñez,La araña negra,,1892,1890s,novela,bildungsroman,male,Textos por decada/1890s/Vicente Blasco Ibáñez - La araña negra (1892) [ne0327].txt
ne0328,Vicente Blasco Ibáñez,La araña negra,,1892,1890s,novela,bildungsroman,male,Textos por decada/1890s/Vicente Blasco Ibáñez - La araña negra (1892) [ne0328].txt
ne0163,Vicente Blasco Ibáñez,Arroz y Tartana,,1894,1890s,novela,realist,male,Textos por decada/1890s/Vicente Blasco Ibáñez - Arroz y Tartana (1894) [ne0163].txt
ne0252,Vicente Blasco Ibáñez,Flor de mayo,,1895,1890s,novela,realist,male,Textos por decada/1890s/Vicente Blasco Ibáñez - Flor de mayo (1895) [ne0252].txt
ne0164,Vicente Blasco Ibáñez,La Barraca,,1898,1890s,novela,realist,male,Textos por decada/1890s/Vicente Blasco Ibáñez - La Barraca (1898) [ne0164].txt
ne0288,Silverio Lanza,Ni en la vida ni en la muerte,,1890,1890s,novela,realist,male,Textos por decada/1890s/Silverio Lanza - Ni en la vida ni en la muerte (1890) [ne0288].txt
ne0289,Silverio Lanza,Desde la quilla hasta el tope,,1891,1890s,novela,bildungsroman,male,Textos por decada/1890s/Silverio Lanza - Desde la quilla hasta el tope (1891) [ne0289].txt
ne0192,Silverio Lanza,Artuña,,1893,1890s,novela,sentimental,male,Textos por decada/1890s/Silverio Lanza - Artuña (1893) [ne0192].txt
ne0135,"Alas, Leopoldo",Su único hijo,,1891,1890s,novela,realist,male,"Textos por decada/1890s/Alas, Leopoldo - Su único hijo (1891) [ne0135].txt"
ne0170,"Alas, Leopoldo",Cuesta abajo,,1891,1890s,novela,sentimental,male,"Textos por decada/1890s/Alas, Leopoldo - Cuesta abajo (1891) [ne0170].txt"
ne0297,José María de Pereda,Nubes de estío,,1891,1890s,novela,realist,male,Textos por decada/1890s/José María de Pereda - Nubes de estío (1891) [ne0297].txt
ne0298,José María de Pereda,Al primer vuelo,,1891,1890s,novela,realist,male,Textos por decada/1890s/José María de Pereda - Al primer vuelo (1891) [ne0298].txt
ne0145,José María de Pereda,Peñas arriba,,1895,1890s,novela,realist,male,Textos por decada/1890s/José María de Pereda - Peñas arriba (1895) [ne0145].txt
ne0299,José María de Pereda,Pachín González,,1896,1890s,novela,historical,male,Textos por decada/1890s/José María de Pereda - Pachín González (1896) [ne0299].txt
ne0158,Jacinto Octavio Picón,La honrada,Novela de costumbres contemporáneas,1890,1890s,novela,realist,male,Textos por decada/1890s/Jacinto Octavio Picón - La honrada. Novela de costumbres contemporáneas (1890) [ne0158].txt
ne0155,Jacinto Octavio Picón,Dulce y sabrosa,,1891,1890s,novela,erotic,male,Textos por decada/1890s/Jacinto Octavio Picón - Dulce y sabrosa (1891) [ne0155].txt
ne0395,Salvador Rueda,La reja,Novela andaluza,1890,1890s,novela,sentimental,male,Textos por decada/1890s/Salvador Rueda - La reja. Novela andaluza (1890) [ne0395].txt
ne0396,Salvador Rueda,La gitana,Idilio en la sierra: Novela andaluza,1892,1890s,novela,social,male,Textos por decada/1890s/Salvador Rueda - La gitana. Idilio en la sierra - Novela andaluza (1892) [ne0396].txt
ne0114,Miguel de Unamuno,Paz en la guerra,,1897,1890s,novela,historical,male,Textos por decada/1890s/Miguel de Unamuno - Paz en la guerra (1897) [ne0114].txt
ne0312,Armando Palacio Valdés,La espuma,,1890,1890s,novela,sentimental,male,Textos por decada/1890s/Armando Palacio Valdés - La espuma (1890) [ne0312].txt
ne0313,Armando Palacio Valdés,La fe,novela,1892,1890s,novela,realist,male,Textos por decada/1890s/Armando Palacio Valdés - La fe. novela (1892) [ne0313].txt
ne0309,Armando Palacio Valdés,El origen del pensamiento,,1893,1890s,novela,realist,male,Textos por decada/1890s/Armando Palacio Valdés - El origen del pensamiento (1893) [ne0309].txt
ne0314,Armando Palacio Valdés,El maestrante,novela,1893,1890s,novela,realist,male,Textos por decada/1890s/Armando Palacio Valdés - El maestrante. novela (1893) [ne0314].txt
ne0311,Armando Palacio Valdés,Los majos de Cádiz,novela de costumbres,1896,1890s,novela,sentimental,male,Textos por decada/1890s/Armando Palacio Valdés - Los majos de Cádiz. novela de costumbres (1896) [ne0311].txt
ne0306,Armando Palacio Valdés,La alegría del capitán Ribot,,1899,1890s,novela,realist,male,Textos por decada/1890s/Armando Palacio Valdés - La alegría del capitán Ribot (1899) [ne0306].txt
ne0310,Armando Palacio Valdés,La hermana San Sulpicio,,1899,1890s,novela,realist,male,Textos por decada/1890s/Armando Palacio Valdés - La hermana San Sulpicio (1899) [ne0310].txt
ne0152,Juan Valera,Juanita la Larga,,1896,1890s,novela,realist,male,Textos por decada/1890s/Juan Valera - Juanita la Larga (1896) [ne0152].txt
ne0151,Juan Valera,Genio y figura...,,1897,1890s,novela,bildungsroman,male,Textos por decada/1890s/Juan Valera - Genio y figura... (1897) [ne0151].txt
ne0153,Juan Valera,Morsamor,peregrinaciones heroicas y lances de amor y fortuna de Miguel de Zuheros y Tiburcio de Simahonda,1899,1890s,novela,fantastic,male,Textos por decada/1890s/Juan Valera - Morsamor. peregrinaciones heroicas y lances de amor y fortuna de Miguel de Zuheros y Tiburcio de Simahonda (1899) [ne0153].txt
ne0008,Eduardo Zamacois,La enferma,Novela,1896,1890s,novela,erotic,male,Textos por decada/1890s/Eduardo Zamacois - La enferma. Novela (1896) [ne0008].txt
ne0010,Manuel Ciges Aparicio,El Vicario,Novela,1905,1900s,novela,philosophical,male,Textos por decada/1900s/Manuel Ciges Aparicio - El Vicario. Novela (1905) [ne0010].txt
ne0101,Emilia Pardo Bazán,El Niño de Guzmán,,1900,1900s,novela,realist,female,Textos por decada/1900s/Emilia Pardo Bazán - El Niño de Guzmán (1900) [ne0101].txt
ne0107,Emilia Pardo Bazán,Misterio,,1902,1900s,novela,historical,female,Textos por decada/1900s/Emilia Pardo Bazán - Misterio (1902) [ne0107].txt
ne0084,Emilia Pardo Bazán,La quimera,,1905,1900s,novela,sentimental,female,Textos por decada/1900s/Emilia Pardo Bazán - La quimera (1905) [ne0084].txt
ne0085,Emilia Pardo Bazán,La sirena negra,,1908,1900s,novela,erotic,female,Textos por decada/1900s/Emilia Pardo Bazán - La sirena negra (1908) [ne0085].txt
ne0387,Luis Coloma,Jeromín,Estudios históricos sobre el siglo XVI,1905,1900s,novela,historical,male,Textos por decada/1900s/Luis Coloma - Jeromín. Estudios históricos sobre el siglo XVI (1905) [ne0387].txt
ne0280,Benito Pérez Galdós,Bodas reales,"Episodios nacionales, libro décimo de la serie tercera",1900,1900s,novela,historical,male,"Textos por decada/1900s/Benito Pérez Galdós - Bodas reales. Episodios nacionales, libro décimo de la serie tercera (1900) [ne0280].txt"
ne0281,Benito Pérez Galdós,Narváez,"Episodios nacionales, libro segundo de la serie cuarta",1902,1900s,novela,historical,male,"Textos por decada/1900s/Benito Pérez Galdós - Narváez. Episodios nacionales, libro segundo de la serie cuarta (1902) [ne0281].txt"
ne0282,Benito Pérez Galdós,O'Donnell,"Episodios nacionales, libro quinto de la serie cuarta",1904,1900s,novela,historical,male,"Textos por decada/1900s/Benito Pérez Galdós - O'Donnell. Episodios nacionales, libro quinto de la serie cuarta (1904) [ne0282].txt"
ne0283,Benito Pérez Galdós,La vuelta al mundo en la «Numancia»,"Episodios nacionales, libro octavo de la serie cuarta",1906,1900s,novela,historical,male,"Textos por decada/1900s/Benito Pérez Galdós - La vuelta al mundo en la «Numancia». Episodios nacionales, libro octavo de la serie cuarta (1906) [ne0283].txt"
ne0251,Benito Pérez Galdós,El caballero encantado,Cuento real… inverosimil,1909,1900s,novela,philosophical,male,Textos por decada/1900s/Benito Pérez Galdós - El caballero encantado. Cuento real… inverosimil (1909) [ne0251].txt
ne0253,Vicente Blasco Ibáñez,Entre naranjos,,1900,1900s,novela,bildungsroman,male,Textos por decada/1900s/Vicente Blasco Ibáñez - Entre naranjos (1900) [ne0253].txt
ne0254,Vicente Blasco Ibáñez,Sonnica la cortesana,,1901,1900s,novela,historical,male,Textos por decada/1900s/Vicente Blasco Ibáñez - Sonnica la cortesana (1901) [ne0254].txt
ne0255,Vicente Blasco Ibáñez,Cañas y barro,,1902,1900s,novela,realist,male,Textos por decada/1900s/Vicente Blasco Ibáñez - Cañas y barro (1902) [ne0255].txt
ne0256,Vicente Blasco Ibáñez,La catedral,,1903,1900s,novela,bildungsroman,male,Textos por decada/1900s/Vicente Blasco Ibáñez - La catedral (1903) [ne0256].txt
ne0257,Vicente Blasco Ibáñez,El intruso,,1904,1900s,novela,realist,male,Textos por decada/1900s/Vicente Blasco Ibáñez - El intruso (1904) [ne0257].txt
ne0019,Vicente Blasco Ibáñez,La bodega,Novela,1905,1900s,novela,realist,male,Textos por decada/1900s/Vicente Blasco Ibáñez - La bodega. Novela (1905) [ne0019].txt
ne0258,Vicente Blasco Ibáñez,La horda,,1905,1900s,novela,realist,male,Textos por decada/1900s/Vicente Blasco Ibáñez - La horda (1905) [ne0258].txt
ne0259,Vicente Blasco Ibáñez,La maja desnuda,,1906,1900s,novela,realist,male,Textos por decada/1900s/Vicente Blasco Ibáñez - La maja desnuda (1906) [ne0259].txt
ne0260,Vicente Blasco Ibáñez,Sangre y arena,,1908,1900s,novela,bildungsroman,male,Textos por decada/1900s/Vicente Blasco Ibáñez - Sangre y arena (1908) [ne0260].txt
ne0261,Vicente Blasco Ibáñez,Luna Benamor,,1909,1900s,novela,realist,male,Textos por decada/1900s/Vicente Blasco Ibáñez - Luna Benamor (1909) [ne0261].txt
ne0193,Silverio Lanza,La rendición de Santiago,,1907,1900s,novela,bildungsroman,male,Textos por decada/1900s/Silverio Lanza - La rendición de Santiago (1907) [ne0193].txt
ne0290,Silverio Lanza,Los gusanos,,1909,1900s,novela,realist,male,Textos por decada/1900s/Silverio Lanza - Los gusanos (1909) [ne0290].txt
ne0095,Ramiro de Maeztu,La guerra del Transvaal y los misterios de la Banca de Londres,,1901,1900s,novela,historical,male,Textos por decada/1900s/Ramiro de Maeztu - La guerra del Transvaal y los misterios de la Banca de Londres (1901) [ne0095].txt
ne0040,Gabriel Miró,La mujer de Ojeda,Ensayo de novela,1901,1900s,novela,sentimental,male,Textos por decada/1900s/Gabriel Miró - La mujer de Ojeda. Ensayo de novela (1901) [ne0040].txt
ne0041,Gabriel Miró,Hilván de escenas,,1903,1900s,novela,realist,male,Textos por decada/1900s/Gabriel Miró - Hilván de escenas (1903) [ne0041].txt
ne0042,Gabriel Miró,Del vivir,Apuntes de parajes leprosos,1904,1900s,novela,autobiographical,male,Textos por decada/1900s/Gabriel Miró - Del vivir. Apuntes de parajes leprosos (1904) [ne0042].txt
ne0043,Gabriel Miró,Nomada,De la falta de amor,1908,1900s,novela,bildungsroman,male,Textos por decada/1900s/Gabriel Miró - Nomada. De la falta de amor (1908) [ne0043].txt
ne0044,Gabriel Miró,La novela de mi amigo,,1908,1900s,novela,bildungsroman,male,Textos por decada/1900s/Gabriel Miró - La novela de mi amigo (1908) [ne0044].txt
ne0045,Gabriel Miró,La palma rota,,1909,1900s,novela,sentimental,male,Textos por decada/1900s/Gabriel Miró - La palma rota (1909) [ne0045].txt
ne0046,Gabriel Miró,El hijo santo,,1909,1900s,novela,realist,male,Textos por decada/1900s/Gabriel Miró - El hijo santo (1909) [ne0046].txt
ne0047,Gabriel Miró,Amores de Antón Hernando,,1909,1900s,novela,autobiographical,male,Textos por decada/1900s/Gabriel Miró - Amores de Antón Hernando (1909) [ne0047].txt
ne0397,Salvador Rueda,La cópula,Novela de amor,1906,1900s,novela,sentimental,male,Textos por decada/1900s/Salvador Rueda - La cópula. Novela de amor (1906) [ne0397].txt
ne0160,Felipe Trigo,Del frío al fuego,Ellas a bordo,1906,1900s,novela,erotic,male,Textos por decada/1900s/Felipe Trigo - Del frío al fuego. Ellas a bordo (1906) [ne0160].txt
ne0228,Felipe Trigo,En la carrera,,1909,1900s,novela,erotic,male,Textos por decada/1900s/Felipe Trigo - En la carrera (1909) [ne0228].txt
ne0070,Miguel de Unamuno,Amor y pedagogía,,1902,1900s,novela,philosophical,male,Textos por decada/1900s/Miguel de Unamuno - Amor y pedagogía (1902) [ne0070].txt
ne0208,Armando Palacio Valdés,La aldea perdida,novela-poema de costumbres campesinas,1903,1900s,novela,realist,male,Textos por decada/1900s/Armando Palacio Valdés - La aldea perdida. novela-poema de costumbres campesinas (1903) [ne0208].txt
ne0229,Armando Palacio Valdés,Tristán  o el pesimismo,Novela de costumbres,1906,1900s,novela,philosophical,male,Textos por decada/1900s/Armando Palacio Valdés - Tristán o el pesimismo. Novela de costumbres (1906) [ne0229].txt
ne0026,Eduardo Zamacois,Incesto,Novela original,1900,1900s,novela,erotic,male,Textos por decada/1900s/Eduardo Zamacois - Incesto. Novela original (1900) [ne0026].txt
ne0013,"Valle-Inclán, Ramón del",Sonata de otoño,Memorias del Marqués de Bradomín,1902,1900s,novela,memoir,male,"Textos por decada/1900s/Valle-Inclán, Ramón del - Sonata de otoño. Memorias del Marqués de Bradomín (1902) [ne0013].txt"
ne0014,"Valle-Inclán, Ramón del",Sonata de estío,Memorias del Marqués de Bradomín,1903,1900s,novela,memoir,male,"Textos por decada/1900s/Valle-Inclán, Ramón del - Sonata de estío. Memorias del Marqués de Bradomín (1903) [ne0014].txt"
ne0015,"Valle-Inclán, Ramón del",Sonata de primavera,Memorias del Marqués de Bradomín,1904,1900s,novela,memoir,male,"Textos por decada/1900s/Valle-Inclán, Ramón del - Sonata de primavera. Memorias del Marqués de Bradomín (1904) [ne0015].txt"
ne0017,"Valle-Inclán, Ramón del",Flor de santidad,Historia milenaria,1904,1900s,novela,social,male,"Textos por decada/1900s/Valle-Inclán, Ramón del - Flor de santidad. Historia milenaria (1904) [ne0017].txt"
ne0016,"Valle-Inclán, Ramón del",Sonata de invierno,Memorias del Marqués de Bradomín,1905,1900s,novela,memoir,male,"Textos por decada/1900s/Valle-Inclán, Ramón del - Sonata de invierno. Memorias del Marqués de Bradomín (1905) [ne0016].txt"
ne0020,"Valle-Inclán, Ramón del",Los cruzados de la Causa,La guerra carlista,1908,1900s,novela,historical,male,"Textos por decada/1900s/Valle-Inclán, Ramón del - Los cruzados de la Causa. La guerra carlista (1908) [ne0020].txt"
ne0021,"Valle-Inclán, Ramón del",El resplandor de la hoguera,La guerra carlista,1909,1900s,novela,historical,male,"Textos por decada/1900s/Valle-Inclán, Ramón del - El resplandor de la hoguera. La guerra carlista (1909) [ne0021].txt"
ne0022,"Valle-Inclán, Ramón del",Gerifaltes de antaño,la guerra carlista,1909,1900s,novela,historical,male,"Textos por decada/1900s/Valle-Inclán, Ramón del - Gerifaltes de antaño. la guerra carlista (1909) [ne0022].txt"
ne0139,Corpus Barga,La vida rota,Novela,1910,1910s,novela,social,male,Textos por decada/1910s/Corpus Barga - La vida rota. Novela (1910) [ne0139].txt
ne0119,Ciro Bayo,Orfeo en el infierno,Novela,1912,1910s,novela,sentimental,male,Textos por decada/1910s/Ciro Bayo - Orfeo en el infierno. Novela (1912) [ne0119].txt
ne0086,Emilia Pardo Bazán,Dulce Dueño,,1911,1910s,novela,realist,female,Textos por decada/1910s/Emilia Pardo Bazán - Dulce Dueño (1911) [ne0086].txt
ne0106,Emilia Pardo Bazán,La última fada,,1916,1910s,novela,bildungsroman,female,Textos por decada/1910s/Emilia Pardo Bazán - La última fada (1916) [ne0106].txt
ne0133,Carmen de Burgos,La rampa,Novela,1917,1910s,novela,naturalist,male,Textos por decada/1910s/Carmen de Burgos - La rampa. Novela (1917) [ne0133].txt
ne0058,Carmen de Burgos,El último contrabandista,Novela,1918,1910s,novela,social,female,Textos por decada/1910s/Carmen de Burgos - El último contrabandista. Novela (1918) [ne0058].txt
ne0188,Luis Coloma,Boy,,1910,1910s,novela,social,male,Textos por decada/1910s/Luis Coloma - Boy (1910) [ne0188].txt
ne0189,Luis Coloma,Juan Miseria,cuadro de costumbres populares,1910,1910s,novela,social,male,Textos por decada/1910s/Luis Coloma - Juan Miseria. cuadro de costumbres populares (1910) [ne0189].txt
ne0191,Joaquín Costa,Último día del paganismo primero de... lo mismo,,1917,1910s,novela,philosophical,male,Textos por decada/1910s/Joaquín Costa - Último día del paganismo primero de... lo mismo (1917) [ne0191].txt
ne0218,Rubén Darío,La vida de Rubén Darío,escrita por él mismo,1912,1910s,?,autobiographical,male,Textos por decada/1910s/Rubén Darío - La vida de Rubén Darío. escrita por él mismo (1912) [ne0218].txt
ne0216,Rubén Darío,El oro de Mallorca,,1914,1910s,novela,realist,male,Textos por decada/1910s/Rubén Darío - El oro de Mallorca (1914) [ne0216].txt
ne0284,Benito Pérez Galdós,Amadeo I,Episodios nacionales: Libro tercero de la serie quinta,1910,1910s,novela,adventure,male,Textos por decada/1910s/Benito Pérez Galdós - Amadeo I. Episodios nacionales - Libro tercero de la serie quinta (1910) [ne0284].txt
ne0285,Benito Pérez Galdós,La Primera República,Episodios nacionales: Libro cuarto de la serie quinta,1911,1910s,novela,adventure,male,Textos por decada/1910s/Benito Pérez Galdós - La Primera República. Episodios nacionales - Libro cuarto de la serie quinta (1911) [ne0285].txt
ne0286,Benito Pérez Galdós,Cánovas,"Episodios nacionales, libro sexto de la serie quinta",1912,1910s,novela,adventure,male,"Textos por decada/1910s/Benito Pérez Galdós - Cánovas. Episodios nacionales, libro sexto de la serie quinta (1912) [ne0286].txt"
ne0250,Benito Pérez Galdós,La razón de la sinrazón,Fábula teatral absolutamente inverosímil: (Divídese en cuatro jornadas),1915,1910s,novela,dialogue,male,Textos por decada/1910s/Benito Pérez Galdós - La razón de la sinrazón. Fábula teatral absolutamente inverosímil - (Divídese en cuatro jornadas) (1915) [ne0250].txt
ne0262,Vicente Blasco Ibáñez,Los argonautas,,1914,1910s,novela,realist,male,Textos por decada/1910s/Vicente Blasco Ibáñez - Los argonautas (1914) [ne0262].txt
ne0165,Vicente Blasco Ibáñez,Los cuatro jinetes del apocalipsis,Novela,1916,1910s,novela,historical,male,Textos por decada/1910s/Vicente Blasco Ibáñez - Los cuatro jinetes del apocalipsis. Novela (1916) [ne0165].txt
ne0264,Vicente Blasco Ibáñez,Mare nostrum,(Novela),1918,1910s,novela,historical,male,Textos por decada/1910s/Vicente Blasco Ibáñez - Mare nostrum. (Novela) (1918) [ne0264].txt
ne0265,Vicente Blasco Ibáñez,Los enemigos de la mujer,,1919,1910s,novela,historical,male,Textos por decada/1910s/Vicente Blasco Ibáñez - Los enemigos de la mujer (1919) [ne0265].txt
ne0198,Federico García Lorca,Historia vulgar,,1917,1910s,novela,realist,male,Textos por decada/1910s/Federico García Lorca - Historia vulgar (1917) [ne0198].txt
ne0200,Federico García Lorca,Fray Antonio,poema raro,1917,1910s,novela,bildungsroman,male,Textos por decada/1910s/Federico García Lorca - Fray Antonio. poema raro (1917) [ne0200].txt
ne0048,Gabriel Miró,Las cerezas del cementerio,,1910,1910s,novela,sentimental,male,Textos por decada/1910s/Gabriel Miró - Las cerezas del cementerio (1910) [ne0048].txt
ne0050,Gabriel Miró,Los pies y los zapatos de Enriqueta,,1912,1910s,novela,realist,male,Textos por decada/1910s/Gabriel Miró - Los pies y los zapatos de Enriqueta (1912) [ne0050].txt
ne0052,Gabriel Miró,El abuelo del rey,,1915,1910s,novela,realist,male,Textos por decada/1910s/Gabriel Miró - El abuelo del rey (1915) [ne0052].txt
ne0053,Gabriel Miró,Dentro del cercado,,1916,1910s,novela,sentimental,male,Textos por decada/1910s/Gabriel Miró - Dentro del cercado (1916) [ne0053].txt
ne0054,Gabriel Miró,Figuras de la Pasión del Señor 1,,1916,1910s,novela,historical,male,Textos por decada/1910s/Gabriel Miró - Figuras de la Pasión del Señor 1 (1916) [ne0054].txt
ne0055,Gabriel Miró,Figuras de la Pasión del Señor 2,,1917,1910s,novela,historical,male,Textos por decada/1910s/Gabriel Miró - Figuras de la Pasión del Señor 2 (1917) [ne0055].txt
ne0056,Gabriel Miró,Libro de Sigüenza,,1917,1910s,novela,autobiographical,male,Textos por decada/1910s/Gabriel Miró - Libro de Sigüenza (1917) [ne0056].txt
ne0057,Gabriel Miró,El humo dormido,,1919,1910s,novela,philosophical,male,Textos por decada/1910s/Gabriel Miró - El humo dormido (1919) [ne0057].txt
ne0207,José Ortega Munilla,El paño pardo,Crónica de un villorrio en 1890,1914,1910s,novela,naturalist,male,Textos por decada/1910s/José Ortega Munilla - El paño pardo. Crónica de un villorrio en 1890 (1914) [ne0207].txt
ne0291,"Azorín, José Martínez Ruiz",Tomás Rueda,,1915,1910s,?,bildungsroman,male,"Textos por decada/1910s/Azorín, José Martínez Ruiz - Tomás Rueda (1915) [ne0291].txt"
ne0150,José Mª Salaverría,La Virgen de Aránzazu,Novela,1910,1910s,novela,realist,male,Textos por decada/1910s/José Mª Salaverría - La Virgen de Aránzazu. Novela (1910) [ne0150].txt
ne0318,Felipe Trigo,Mi media naranja,,1910,1910s,novela,erotic,male,Textos por decada/1910s/Felipe Trigo - Mi media naranja (1910) [ne0318].txt
ne0227,Felipe Trigo,El médico rural,,1912,1910s,novela,realist,male,Textos por decada/1910s/Felipe Trigo - El médico rural (1912) [ne0227].txt
ne0156,Felipe Trigo,Los abismos,,1913,1910s,novela,realist,male,Textos por decada/1910s/Felipe Trigo - Los abismos (1913) [ne0156].txt
ne0159,Felipe Trigo,Jarrapellejos,"Vida arcaica, feliz e independiente de un español representativo",1914,1910s,novela,realist,male,"Textos por decada/1910s/Felipe Trigo - Jarrapellejos. Vida arcaica, feliz e independiente de un español representativo (1914) [ne0159].txt"
ne0226,Felipe Trigo,Si sé por qué,Novela,1916,1910s,novela,erotic,male,Textos por decada/1910s/Felipe Trigo - Si sé por qué. Novela (1916) [ne0226].txt
ne0073,Miguel de Unamuno,Niebla,,1914,1910s,novela,philosophical,male,Textos por decada/1910s/Miguel de Unamuno - Niebla (1914) [ne0073].txt
ne0069,Miguel de Unamuno,Abel Sánchez,Una historia de pasión,1917,1910s,novela,philosophical,male,Textos por decada/1910s/Miguel de Unamuno - Abel Sánchez. Una historia de pasión (1917) [ne0069].txt
ne0212,Armando Palacio Valdés,Papeles del Doctor Angelico,,1911,1910s,novela,realist,male,Textos por decada/1910s/Armando Palacio Valdés - Papeles del Doctor Angelico (1911) [ne0212].txt
ne0373,Antonio de Hoyos y Vinent,El monstruo,,1915,1910s,novela,erotic,male,Textos por decada/1910s/Antonio de Hoyos y Vinent - El monstruo (1915) [ne0373].txt
ne0023,"Valle-Inclán, Ramón del",La lámpara maravillosa,Ejercicios espirituales,1916,1910s,?,philosophical,male,"Textos por decada/1910s/Valle-Inclán, Ramón del - La lámpara maravillosa. Ejercicios espirituales (1916) [ne0023].txt"
ne0037,"Valle-Inclán, Ramón del",La media noche,visión estelar de un momento de guerra,1917,1910s,?,historical,male,"Textos por decada/1910s/Valle-Inclán, Ramón del - La media noche. visión estelar de un momento de guerra (1917) [ne0037].txt"
ne0180,Manuel Azaña,El Jardín de los frailes,,1927,1920s,novela,bildungsroman,male,Textos por decada/1920s/Manuel Azaña - El Jardín de los frailes (1927) [ne0180].txt
ne0131,Carmen de Burgos,Los espirituados,Novela,1923,1920s,novela,naturalist,male,Textos por decada/1920s/Carmen de Burgos - Los espirituados. Novela (1923) [ne0131].txt
ne0263,Vicente Blasco Ibáñez,La tierra de todos,(Novela),1922,1920s,novela,realist,male,Textos por decada/1920s/Vicente Blasco Ibáñez - La tierra de todos. (Novela) (1922) [ne0263].txt
ne0266,Vicente Blasco Ibáñez,El paraíso de las mujeres,,1922,1920s,novela,adventure,male,Textos por decada/1920s/Vicente Blasco Ibáñez - El paraíso de las mujeres (1922) [ne0266].txt
ne0166,Vicente Blasco Ibáñez,La reina Calafia,,1923,1920s,novela,adventure,male,Textos por decada/1920s/Vicente Blasco Ibáñez - La reina Calafia (1923) [ne0166].txt
ne0267,Vicente Blasco Ibáñez,El Papa del mar,,1925,1920s,novela,historical,male,Textos por decada/1920s/Vicente Blasco Ibáñez - El Papa del mar (1925) [ne0267].txt
ne0269,Vicente Blasco Ibáñez,En busca del Gran Kan,,1928,1920s,novela,historical,male,Textos por decada/1920s/Vicente Blasco Ibáñez - En busca del Gran Kan (1928) [ne0269].txt
ne0270,Vicente Blasco Ibáñez,El caballero de la Virgen,,1929,1920s,novela,historical,male,Textos por decada/1920s/Vicente Blasco Ibáñez - El caballero de la Virgen (1929) [ne0270].txt
ne0059,Gabriel Miró,Nuestro Padre San Daniel,Novela de capellanes y devotos,1921,1920s,novela,realist,male,Textos por decada/1920s/Gabriel Miró - Nuestro Padre San Daniel. Novela de capellanes y devotos (1921) [ne0059].txt
ne0060,Gabriel Miró,Niño y grande,,1922,1920s,novela,autobiographical,male,Textos por decada/1920s/Gabriel Miró - Niño y grande (1922) [ne0060].txt
ne0061,Gabriel Miró,El obispo leproso,novela,1926,1920s,novela,bildungsroman,male,Textos por decada/1920s/Gabriel Miró - El obispo leproso. novela (1926) [ne0061].txt
ne0390,Eugenio Noel,Las siete Cucas,Una mancebía en Castilla,1927,1920s,novela,social,male,Textos por decada/1920s/Eugenio Noel - Las siete Cucas. Una mancebía en Castilla (1927) [ne0390].txt
ne0072,Miguel de Unamuno,La tía Tula,Como se hace una novela,1921,1920s,novela,bildungsroman,male,Textos por decada/1920s/Miguel de Unamuno - La tía Tula. Como se hace una novela (1921) [ne0072].txt
ne0329,Armando Palacio Valdés,La novela de un novelista,Escenas de la infancia y adolescencia,1921,1920s,?,bildungsroman,male,Textos por decada/1920s/Armando Palacio Valdés - La novela de un novelista. Escenas de la infancia y adolescencia (1921) [ne0329].txt
ne0039,Eduardo Zamacois,Memorias de un vagón de ferrocarril,,1921,1920s,novela,adventure,male,Textos por decada/1920s/Eduardo Zamacois - Memorias de un vagón de ferrocarril (1921) [ne0039].txt
ne0030,"Valle-Inclán, Ramón del",Tirano banderas,Novela de tierra caliente,1926,1920s,novela,historical,male,"Textos por decada/1920s/Valle-Inclán, Ramón del - Tirano banderas. Novela de tierra caliente (1926) [ne0030].txt"
ne0033,"Valle-Inclán, Ramón del",La Corte de los Milagros,,1927,1920s,novela,historical,male,"Textos por decada/1920s/Valle-Inclán, Ramón del - La Corte de los Milagros (1927) [ne0033].txt"
ne0035,"Valle-Inclán, Ramón del",Viva mi dueño,,1928,1920s,novela,historical,male,"Textos por decada/1920s/Valle-Inclán, Ramón del - Viva mi dueño (1928) [ne0035].txt"
ne0181,Manuel Azaña,La velada en Benicarló,Diálogo de la guerra de España,1939,1930s,novela,dialogue,male,Textos por decada/1930s/Manuel Azaña - La velada en Benicarló. Diálogo de la guerra de España (1939) [ne0181].txt
ne0223,Mauricio Bacarisse,Los terribles amores de Agliberto y Celedonia,Novela,1931,1930s,novela,erotic,male,Textos por decada/1930s/Mauricio Bacarisse - Los terribles amores de Agliberto y Celedonia. Novela (1931) [ne0223].txt
ne0380,Agustín Espinosa,Crimen,,1934,1930s,novela,vanguardist,male,Textos por decada/1930s/Agustín Espinosa - Crimen (1934) [ne0380].txt
ne0217,Antonio Machado,De un cancionero apócrifo,,1933,1930s,?,philosophical,male,Textos por decada/1930s/Antonio Machado - De un cancionero apócrifo (1933) [ne0217].txt
ne0177,Antonio Machado,Juan de Mairena,"sentencias, donaires, apuntes y recuerdos de un profesor apócrifo",1936,1930s,?,philosophical,male,"Textos por decada/1930s/Antonio Machado - Juan de Mairena. sentencias, donaires, apuntes y recuerdos de un profesor apócrifo (1936) [ne0177].txt"
ne0330,Andres Carranque de Ríos,Cinematógrafo,Novela,1936,1930s,novela,realist,male,Textos por decada/1930s/Andres Carranque de Ríos - Cinematógrafo. Novela (1936) [ne0330].txt
ne0074,Miguel de Unamuno,"San Manuel Bueno, mártir",,1931,1930s,novela,philosophical,male,"Textos por decada/1930s/Miguel de Unamuno - San Manuel Bueno, mártir (1931) [ne0074].txt"
ne0211,Armando Palacio Valdés,Sinfonía Pastoral,Novela de costumbres campesinas,1931,1930s,novela,autobiographical,male,Textos por decada/1930s/Armando Palacio Valdés - Sinfonía Pastoral. Novela de costumbres campesinas (1931) [ne0211].txt
ne0036,"Valle-Inclán, Ramón del",Baza de espadas,,1932,1930s,novela,historical,male,"Textos por decada/1930s/Valle-Inclán, Ramón del - Baza de espadas (1932) [ne0036].txt"
